symbol,pronunciation,meaning
你,nei5,you
我,ngo5,I
呀,aa1; aa3; aa6,question particle
唔,m4,negative; not
係,hai6,to be; yes
呢,ne1; ni1,particle; this
噉,gam2,such; like this; in this way
佢,keoi5,he; she; it
嘞,laak3,particle
嘅,ge3,possessive particle
個,go3,general classifier
好,hou2,good; well; very
嚟,lai2; lai4; lei4,to come
都,dou1,also
喇,laa1,particle
就,zau6,at once; already; exactly
咩,me1,what
去,heoi3,to go
啲,di1,particle
得,dak1,to get; to obtain
吖,aa1,particle
有,jau5,to have; to exist
咗,zo2,past tense particle
㗎,gaa2; gaa3; gaa4,particle
話,waa6; waa2,word; to talk; speech
咁,gam3,like this; in this way
畀,bei2,to allow; by
同,tung4,and; with
一,jat1,one
冇,mou5,to not have
woooo 2,wooo 1,woooo 3
